iter	Logloss
0	0.6927641386
1	0.6923201635
2	0.6918583512
3	0.6913955772
4	0.6909959416
5	0.690514989
6	0.690018671
7	0.6894816178
8	0.6889856006
9	0.6885451837
10	0.6881975875
11	0.6877416454
12	0.6873921806
13	0.6868716569
14	0.6864113094
15	0.6860317443
16	0.6855852378
17	0.6852225977
18	0.6847041927
19	0.68409044
20	0.6836192481
21	0.6831351383
22	0.6826398544
23	0.6822003
24	0.6816689625
25	0.6811339557
26	0.6806623385
27	0.680255022
28	0.6798638069
29	0.6793691967
30	0.6790645041
